SellerState,Email
PR,PR@compony.com
SP,SP@compony.com
SP,SP@compony.com
SP,SP@compony.com
SP,SP@compony.com
SP,SP@compony.com
MG,MG@compony.com
RJ,RJ@compony.com
PR,PR@compony.com
SP,SP@compony.com
GO,GO@compony.com
SP,SP@compony.com
MG,MG@compony.com
SP,SP@compony.com
MG,MG@compony.com
SP,SP@compony.com
SP,SP@compony.com
PR,PR@compony.com
SC,SC@compony.com
RS,RS@compony.com
SP,SP@compony.com
SP,SP@compony.com
SP,SP@compony.com
SP,SP@compony.com
RS,RS@compony.com
SP,SP@compony.com
SP,SP@compony.com
PR,PR@compony.com
SP,SP@compony.com
MG,MG@compony.com
SP,SP@compony.com
PR,PR@compony.com
SC,SC@compony.com
SP,SP@compony.com
SP,SP@compony.com
SP,SP@compony.com
PR,PR@compony.com
SP,SP@compony.com
SP,SP@compony.com
SP,SP@compony.com
RJ,RJ@compony.com
SP,SP@compony.com
SC,SC@compony.com
SP,SP@compony.com
SP,SP@compony.com
PR,PR@compony.com
PR,PR@compony.com
SP,SP@compony.com
PR,PR@compony.com
RS,RS@compony.com
MG,MG@compony.com
SP,SP@compony.com
SP,SP@compony.com
SP,SP@compony.com
SP,SP@compony.com
DF,DF@compony.com
SP,SP@compony.com
PR,PR@compony.com
PR,PR@compony.com
PR,PR@compony.com
SP,SP@compony.com
SP,SP@compony.com
SP,SP@compony.com
SP,SP@compony.com
SC,SC@compony.com
SP,SP@compony.com
SP,SP@compony.com
SP,SP@compony.com
SP,SP@compony.com
SP,SP@compony.com
RJ,RJ@compony.com
SP,SP@compony.com
SP,SP@compony.com
SP,SP@compony.com
SP,SP@compony.com
SP,SP@compony.com
SP,SP@compony.com
GO,GO@compony.com
PR,PR@compony.com
SP,SP@compony.com
SP,SP@compony.com
MG,MG@compony.com
SP,SP@compony.com
PR,PR@compony.com
SP,SP@compony.com
SP,SP@compony.com
SP,SP@compony.com
SP,SP@compony.com
SC,SC@compony.com
SC,SC@compony.com
SP,SP@compony.com
PR,PR@compony.com
SP,SP@compony.com
SP,SP@compony.com
PR,PR@compony.com
SP,SP@compony.com
ES,ES@compony.com
SP,SP@compony.com
MG,MG@compony.com
SP,SP@compony.com
MG,MG@compony.com
PR,PR@compony.com
RJ,RJ@compony.com
PR,PR@compony.com
SP,SP@compony.com
SP,SP@compony.com
SP,SP@compony.com
RS,RS@compony.com
PR,PR@compony.com
SC,SC@compony.com
SC,SC@compony.com
SP,SP@compony.com
SP,SP@compony.com
MT,MT@compony.com
SP,SP@compony.com
DF,DF@compony.com
SP,SP@compony.com
SP,SP@compony.com
SP,SP@compony.com
SP,SP@compony.com
ES,ES@compony.com
SP,SP@compony.com
SP,SP@compony.com
SP,SP@compony.com
SP,SP@compony.com
PR,PR@compony.com
SP,SP@compony.com
SC,SC@compony.com
SP,SP@compony.com
PR,PR@compony.com
SP,SP@compony.com
SP,SP@compony.com
SP,SP@compony.com
SP,SP@compony.com
SP,SP@compony.com
SP,SP@compony.com
SP,SP@compony.com
PR,PR@compony.com
PR,PR@compony.com
SP,SP@compony.com
SP,SP@compony.com
MG,MG@compony.com
SC,SC@compony.com
SP,SP@compony.com
SP,SP@compony.com
SC,SC@compony.com
MG,MG@compony.com
SP,SP@compony.com
SC,SC@compony.com
SP,SP@compony.com
SP,SP@compony.com
SP,SP@compony.com
MG,MG@compony.com
MG,MG@compony.com
SP,SP@compony.com
SP,SP@compony.com
SP,SP@compony.com
RS,RS@compony.com
PR,PR@compony.com
SP,SP@compony.com
SP,SP@compony.com
SP,SP@compony.com
RJ,RJ@compony.com
SP,SP@compony.com
SP,SP@compony.com
SP,SP@compony.com
SP,SP@compony.com
PR,PR@compony.com
PR,PR@compony.com
RS,RS@compony.com
SC,SC@compony.com
SC,SC@compony.com
SP,SP@compony.com
SP,SP@compony.com
SP,SP@compony.com
PR,PR@compony.com
SP,SP@compony.com
SP,SP@compony.com
SP,SP@compony.com
GO,GO@compony.com
PR,PR@compony.com
SP,SP@compony.com
RS,RS@compony.com
RS,RS@compony.com
SP,SP@compony.com
PR,PR@compony.com
RS,RS@compony.com
SP,SP@compony.com
SP,SP@compony.com
SP,SP@compony.com
PR,PR@compony.com
PR,PR@compony.com
SC,SC@compony.com
SP,SP@compony.com
SP,SP@compony.com
SP,SP@compony.com
SP,SP@compony.com
ES,ES@compony.com
SP,SP@compony.com
SP,SP@compony.com
SP,SP@compony.com
SP,SP@compony.com
SP,SP@compony.com
RJ,RJ@compony.com
GO,GO@compony.com
SP,SP@compony.com
MG,MG@compony.com
BA,BA@compony.com
SP,SP@compony.com
SC,SC@compony.com
SP,SP@compony.com
SP,SP@compony.com
SP,SP@compony.com
SP,SP@compony.com
SP,SP@compony.com
SP,SP@compony.com
SP,SP@compony.com
SP,SP@compony.com
MG,MG@compony.com
PR,PR@compony.com
SP,SP@compony.com
SP,SP@compony.com
SP,SP@compony.com
SP,SP@compony.com
SP,SP@compony.com
SP,SP@compony.com
RJ,RJ@compony.com
RS,RS@compony.com
SP,SP@compony.com
PR,PR@compony.com
ES,ES@compony.com
SP,SP@compony.com
SC,SC@compony.com
SP,SP@compony.com
RJ,RJ@compony.com
RS,RS@compony.com
SP,SP@compony.com
PR,PR@compony.com
SP,SP@compony.com
RJ,RJ@compony.com
SP,SP@compony.com
SP,SP@compony.com
SP,SP@compony.com
SC,SC@compony.com
SP,SP@compony.com
SP,SP@compony.com
SP,SP@compony.com
SP,SP@compony.com
MG,MG@compony.com
SP,SP@compony.com
SC,SC@compony.com
PR,PR@compony.com
SP,SP@compony.com
SP,SP@compony.com
SP,SP@compony.com
PR,PR@compony.com
SC,SC@compony.com
SP,SP@compony.com
SP,SP@compony.com
SP,SP@compony.com
SP,SP@compony.com
PR,PR@compony.com
PR,PR@compony.com
SP,SP@compony.com
SP,SP@compony.com
PR,PR@compony.com
SP,SP@compony.com
PR,PR@compony.com
SP,SP@compony.com
SP,SP@compony.com
SP,SP@compony.com
RJ,RJ@compony.com
SP,SP@compony.com
PR,PR@compony.com
SP,SP@compony.com
SP,SP@compony.com
SP,SP@compony.com
SP,SP@compony.com
SP,SP@compony.com
GO,GO@compony.com
SP,SP@compony.com
ES,ES@compony.com
SP,SP@compony.com
SP,SP@compony.com
SP,SP@compony.com
RJ,RJ@compony.com
SP,SP@compony.com
PR,PR@compony.com
SP,SP@compony.com
MG,MG@compony.com
RJ,RJ@compony.com
MG,MG@compony.com
SP,SP@compony.com
SP,SP@compony.com
MG,MG@compony.com
BA,BA@compony.com
SP,SP@compony.com
SP,SP@compony.com
SC,SC@compony.com
SP,SP@compony.com
SP,SP@compony.com
SP,SP@compony.com
PR,PR@compony.com
SP,SP@compony.com
SP,SP@compony.com
SP,SP@compony.com
SP,SP@compony.com
SP,SP@compony.com
SC,SC@compony.com
PR,PR@compony.com
PR,PR@compony.com
SP,SP@compony.com
MG,MG@compony.com
SP,SP@compony.com
MG,MG@compony.com
GO,GO@compony.com
SC,SC@compony.com
SP,SP@compony.com
SC,SC@compony.com
PR,PR@compony.com
SP,SP@compony.com
SP,SP@compony.com
SP,SP@compony.com
SP,SP@compony.com
SP,SP@compony.com
SP,SP@compony.com
SP,SP@compony.com
SP,SP@compony.com
PR,PR@compony.com
PR,PR@compony.com
SP,SP@compony.com
SP,SP@compony.com
SP,SP@compony.com
SP,SP@compony.com
SP,SP@compony.com
PB,PB@compony.com
SP,SP@compony.com
SP,SP@compony.com
RS,RS@compony.com
SP,SP@compony.com
RS,RS@compony.com
SP,SP@compony.com
SP,SP@compony.com
SP,SP@compony.com
SP,SP@compony.com
SP,SP@compony.com
RJ,RJ@compony.com
SP,SP@compony.com
SP,SP@compony.com
SC,SC@compony.com
PR,PR@compony.com
SP,SP@compony.com
SP,SP@compony.com
SC,SC@compony.com
SP,SP@compony.com
SP,SP@compony.com
SP,SP@compony.com
SP,SP@compony.com
SP,SP@compony.com
SP,SP@compony.com
MG,MG@compony.com
MG,MG@compony.com
SP,SP@compony.com
RJ,RJ@compony.com
SP,SP@compony.com
SP,SP@compony.com
SP,SP@compony.com
SP,SP@compony.com
MG,MG@compony.com
SP,SP@compony.com
MG,MG@compony.com
PR,PR@compony.com
SP,SP@compony.com
SP,SP@compony.com
PR,PR@compony.com
PR,PR@compony.com
SP,SP@compony.com
PR,PR@compony.com
RS,RS@compony.com
SP,SP@compony.com
SP,SP@compony.com
MG,MG@compony.com
PR,PR@compony.com
SP,SP@compony.com
PR,PR@compony.com
SP,SP@compony.com
SP,SP@compony.com
MG,MG@compony.com
SP,SP@compony.com
SP,SP@compony.com
SC,SC@compony.com
SP,SP@compony.com
RJ,RJ@compony.com
SP,SP@compony.com
SC,SC@compony.com
PR,PR@compony.com
SP,SP@compony.com
SP,SP@compony.com
PR,PR@compony.com
SP,SP@compony.com
SP,SP@compony.com
SP,SP@compony.com
SP,SP@compony.com
SP,SP@compony.com
PR,PR@compony.com
PR,PR@compony.com
SP,SP@compony.com
SP,SP@compony.com
SP,SP@compony.com
SP,SP@compony.com
RS,RS@compony.com
SP,SP@compony.com
SP,SP@compony.com
PR,PR@compony.com
SP,SP@compony.com
SC,SC@compony.com
SP,SP@compony.com
MG,MG@compony.com
SP,SP@compony.com
SC,SC@compony.com
SP,SP@compony.com
SP,SP@compony.com
SP,SP@compony.com
SP,SP@compony.com
SP,SP@compony.com
SP,SP@compony.com
RJ,RJ@compony.com
SP,SP@compony.com
SC,SC@compony.com
MS,MS@compony.com
SC,SC@compony.com
MG,MG@compony.com
PR,PR@compony.com
SP,SP@compony.com
SP,SP@compony.com
SC,SC@compony.com
PE,PE@compony.com
GO,GO@compony.com
SP,SP@compony.com
SP,SP@compony.com
PR,PR@compony.com
SP,SP@compony.com
MG,MG@compony.com
SP,SP@compony.com
SP,SP@compony.com
PR,PR@compony.com
SP,SP@compony.com
MG,MG@compony.com
SP,SP@compony.com
SP,SP@compony.com
DF,DF@compony.com
SP,SP@compony.com
SP,SP@compony.com
SP,SP@compony.com
SP,SP@compony.com
RS,RS@compony.com
SP,SP@compony.com
SP,SP@compony.com
RS,RS@compony.com
MG,MG@compony.com
SP,SP@compony.com
PR,PR@compony.com
SP,SP@compony.com
SP,SP@compony.com
SP,SP@compony.com
SP,SP@compony.com
SP,SP@compony.com
RJ,RJ@compony.com
PR,PR@compony.com
SP,SP@compony.com
RJ,RJ@compony.com
SP,SP@compony.com
RJ,RJ@compony.com
RS,RS@compony.com
SP,SP@compony.com
SP,SP@compony.com
SP,SP@compony.com
PR,PR@compony.com
SP,SP@compony.com
SP,SP@compony.com
RJ,RJ@compony.com
SP,SP@compony.com
SP,SP@compony.com
SP,SP@compony.com
SP,SP@compony.com
RJ,RJ@compony.com
GO,GO@compony.com
SP,SP@compony.com
SP,SP@compony.com
SP,SP@compony.com
SP,SP@compony.com
SP,SP@compony.com
CE,CE@compony.com
PR,PR@compony.com
SP,SP@compony.com
MG,MG@compony.com
SP,SP@compony.com
SP,SP@compony.com
SP,SP@compony.com
SP,SP@compony.com
SC,SC@compony.com
SP,SP@compony.com
SP,SP@compony.com
GO,GO@compony.com
MG,MG@compony.com
SP,SP@compony.com
SP,SP@compony.com
MG,MG@compony.com
MG,MG@compony.com
SP,SP@compony.com
SP,SP@compony.com
SP,SP@compony.com
SP,SP@compony.com
SP,SP@compony.com
SC,SC@compony.com
SP,SP@compony.com
DF,DF@compony.com
SP,SP@compony.com
SC,SC@compony.com
SP,SP@compony.com
BA,BA@compony.com
PR,PR@compony.com
RJ,RJ@compony.com
SP,SP@compony.com
SP,SP@compony.com
SC,SC@compony.com
SP,SP@compony.com
SC,SC@compony.com
SP,SP@compony.com
SP,SP@compony.com
PR,PR@compony.com
PR,PR@compony.com
SP,SP@compony.com
SP,SP@compony.com
RJ,RJ@compony.com
SP,SP@compony.com
GO,GO@compony.com
SP,SP@compony.com
SP,SP@compony.com
RJ,RJ@compony.com
SP,SP@compony.com
SP,SP@compony.com
SP,SP@compony.com
SP,SP@compony.com
SP,SP@compony.com
SP,SP@compony.com
MG,MG@compony.com
SP,SP@compony.com
SP,SP@compony.com
SP,SP@compony.com
SP,SP@compony.com
RJ,RJ@compony.com
SP,SP@compony.com
MG,MG@compony.com
SP,SP@compony.com
MG,MG@compony.com
SP,SP@compony.com
SC,SC@compony.com
SP,SP@compony.com
SP,SP@compony.com
SP,SP@compony.com
SP,SP@compony.com
MG,MG@compony.com
PR,PR@compony.com
SP,SP@compony.com
PR,PR@compony.com
SP,SP@compony.com
SP,SP@compony.com
SP,SP@compony.com
SP,SP@compony.com
SP,SP@compony.com
SP,SP@compony.com
SP,SP@compony.com
SP,SP@compony.com
SP,SP@compony.com
SP,SP@compony.com
SP,SP@compony.com
PR,PR@compony.com
PR,PR@compony.com
RJ,RJ@compony.com
SP,SP@compony.com
SP,SP@compony.com
SP,SP@compony.com
RS,RS@compony.com
SP,SP@compony.com
MG,MG@compony.com
SP,SP@compony.com
SP,SP@compony.com
MG,MG@compony.com
SP,SP@compony.com
SP,SP@compony.com
RS,RS@compony.com
SP,SP@compony.com
PR,PR@compony.com
SP,SP@compony.com
SP,SP@compony.com
SP,SP@compony.com
SP,SP@compony.com
SP,SP@compony.com
SP,SP@compony.com
ES,ES@compony.com
MT,MT@compony.com
SP,SP@compony.com
SP,SP@compony.com
SP,SP@compony.com
SP,SP@compony.com
SP,SP@compony.com
SP,SP@compony.com
SC,SC@compony.com
SP,SP@compony.com
SP,SP@compony.com
SP,SP@compony.com
SP,SP@compony.com
SP,SP@compony.com
SP,SP@compony.com
PR,PR@compony.com
SP,SP@compony.com
SP,SP@compony.com
SP,SP@compony.com
SP,SP@compony.com
SP,SP@compony.com
DF,DF@compony.com
MG,MG@compony.com
SP,SP@compony.com
SP,SP@compony.com
PR,PR@compony.com
SP,SP@compony.com
PR,PR@compony.com
RS,RS@compony.com
SP,SP@compony.com
SP,SP@compony.com
SP,SP@compony.com
PR,PR@compony.com
SP,SP@compony.com
RS,RS@compony.com
SP,SP@compony.com
SP,SP@compony.com
SP,SP@compony.com
SP,SP@compony.com
MG,MG@compony.com
PR,PR@compony.com
SP,SP@compony.com
PR,PR@compony.com
SP,SP@compony.com
PE,PE@compony.com
CE,CE@compony.com
RJ,RJ@compony.com
MG,MG@compony.com
SP,SP@compony.com
SP,SP@compony.com
SP,SP@compony.com
SP,SP@compony.com
SP,SP@compony.com
SP,SP@compony.com
RS,RS@compony.com
SP,SP@compony.com
MG,MG@compony.com
SP,SP@compony.com
SP,SP@compony.com
SP,SP@compony.com
MG,MG@compony.com
SP,SP@compony.com
SP,SP@compony.com
SP,SP@compony.com
RS,RS@compony.com
PR,PR@compony.com
SC,SC@compony.com
SP,SP@compony.com
SP,SP@compony.com
SP,SP@compony.com
SP,SP@compony.com
PR,PR@compony.com
PR,PR@compony.com
RJ,RJ@compony.com
SP,SP@compony.com
SP,SP@compony.com
SP,SP@compony.com
SP,SP@compony.com
SP,SP@compony.com
SP,SP@compony.com
SP,SP@compony.com
PR,PR@compony.com
SP,SP@compony.com
SP,SP@compony.com
MG,MG@compony.com
SP,SP@compony.com
RS,RS@compony.com
MG,MG@compony.com
SP,SP@compony.com
SP,SP@compony.com
SP,SP@compony.com
SP,SP@compony.com
SP,SP@compony.com
SP,SP@compony.com
SC,SC@compony.com
RS,RS@compony.com
SP,SP@compony.com
SP,SP@compony.com
SP,SP@compony.com
SP,SP@compony.com
SP,SP@compony.com
PR,PR@compony.com
PR,PR@compony.com
SP,SP@compony.com
SP,SP@compony.com
GO,GO@compony.com
SP,SP@compony.com
PR,PR@compony.com
MG,MG@compony.com
SP,SP@compony.com
SP,SP@compony.com
MG,MG@compony.com
RJ,RJ@compony.com
SP,SP@compony.com
SP,SP@compony.com
MG,MG@compony.com
MG,MG@compony.com
RS,RS@compony.com
SP,SP@compony.com
SP,SP@compony.com
SP,SP@compony.com
SC,SC@compony.com
PR,PR@compony.com
PR,PR@compony.com
RS,RS@compony.com
SP,SP@compony.com
SP,SP@compony.com
SC,SC@compony.com
PR,PR@compony.com
SP,SP@compony.com
PR,PR@compony.com
SP,SP@compony.com
PR,PR@compony.com
SP,SP@compony.com
PR,PR@compony.com
RO,RO@compony.com
SP,SP@compony.com
SP,SP@compony.com
SP,SP@compony.com
SP,SP@compony.com
SP,SP@compony.com
SC,SC@compony.com
MG,MG@compony.com
ES,ES@compony.com
SP,SP@compony.com
SP,SP@compony.com
PR,PR@compony.com
SP,SP@compony.com
SP,SP@compony.com
SP,SP@compony.com
SP,SP@compony.com
PR,PR@compony.com
SP,SP@compony.com
SP,SP@compony.com
SP,SP@compony.com
SP,SP@compony.com
RJ,RJ@compony.com
SC,SC@compony.com
SP,SP@compony.com
MG,MG@compony.com
PR,PR@compony.com
SP,SP@compony.com
RS,RS@compony.com
RS,RS@compony.com
SP,SP@compony.com
SP,SP@compony.com
SC,SC@compony.com
RJ,RJ@compony.com
SP,SP@compony.com
MG,MG@compony.com
MG,MG@compony.com
RS,RS@compony.com
MG,MG@compony.com
SP,SP@compony.com
SP,SP@compony.com
SP,SP@compony.com
SP,SP@compony.com
SP,SP@compony.com
SP,SP@compony.com
MG,MG@compony.com
MG,MG@compony.com
SP,SP@compony.com
PR,PR@compony.com
RJ,RJ@compony.com
SP,SP@compony.com
SP,SP@compony.com
SP,SP@compony.com
RS,RS@compony.com
SP,SP@compony.com
SP,SP@compony.com
SP,SP@compony.com
SP,SP@compony.com
ES,ES@compony.com
SP,SP@compony.com
SP,SP@compony.com
GO,GO@compony.com
SP,SP@compony.com
SP,SP@compony.com
SP,SP@compony.com
SP,SP@compony.com
SP,SP@compony.com
SP,SP@compony.com
SP,SP@compony.com
SP,SP@compony.com
RS,RS@compony.com
SP,SP@compony.com
SP,SP@compony.com
MG,MG@compony.com
SC,SC@compony.com
SP,SP@compony.com
RJ,RJ@compony.com
SP,SP@compony.com
SP,SP@compony.com
SP,SP@compony.com
SP,SP@compony.com
SC,SC@compony.com
MG,MG@compony.com
SP,SP@compony.com
PR,PR@compony.com
PR,PR@compony.com
RJ,RJ@compony.com
SP,SP@compony.com
SP,SP@compony.com
MG,MG@compony.com
SP,SP@compony.com
SC,SC@compony.com
SP,SP@compony.com
SP,SP@compony.com
PR,PR@compony.com
PR,PR@compony.com
SP,SP@compony.com
SP,SP@compony.com
SP,SP@compony.com
SE,SE@compony.com
SP,SP@compony.com
SP,SP@compony.com
MG,MG@compony.com
PR,PR@compony.com
PR,PR@compony.com
SP,SP@compony.com
SP,SP@compony.com
SP,SP@compony.com
PR,PR@compony.com
SP,SP@compony.com
SP,SP@compony.com
RS,RS@compony.com
SP,SP@compony.com
MG,MG@compony.com
SP,SP@compony.com
ES,ES@compony.com
MG,MG@compony.com
SP,SP@compony.com
SP,SP@compony.com
SP,SP@compony.com
SP,SP@compony.com
RJ,RJ@compony.com
SP,SP@compony.com
RS,RS@compony.com
SP,SP@compony.com
SC,SC@compony.com
SP,SP@compony.com
SP,SP@compony.com
SP,SP@compony.com
RJ,RJ@compony.com
SP,SP@compony.com
MG,MG@compony.com
SP,SP@compony.com
RJ,RJ@compony.com
SP,SP@compony.com
SP,SP@compony.com
PR,PR@compony.com
PR,PR@compony.com
SP,SP@compony.com
SP,SP@compony.com
SP,SP@compony.com
SC,SC@compony.com
SP,SP@compony.com
SP,SP@compony.com
GO,GO@compony.com
MG,MG@compony.com
SC,SC@compony.com
MG,MG@compony.com
SP,SP@compony.com
SP,SP@compony.com
SC,SC@compony.com
RJ,RJ@compony.com
SP,SP@compony.com
MG,MG@compony.com
SP,SP@compony.com
SP,SP@compony.com
SP,SP@compony.com
SP,SP@compony.com
SP,SP@compony.com
SP,SP@compony.com
SP,SP@compony.com
SP,SP@compony.com
SP,SP@compony.com
SP,SP@compony.com
SC,SC@compony.com
RJ,RJ@compony.com
SP,SP@compony.com
SP,SP@compony.com
SP,SP@compony.com
PR,PR@compony.com
SP,SP@compony.com
SP,SP@compony.com
SP,SP@compony.com
RJ,RJ@compony.com
MG,MG@compony.com
PR,PR@compony.com
SP,SP@compony.com
SP,SP@compony.com
SP,SP@compony.com
SP,SP@compony.com
MG,MG@compony.com
SP,SP@compony.com
SP,SP@compony.com
SP,SP@compony.com
SP,SP@compony.com
SP,SP@compony.com
SP,SP@compony.com
SP,SP@compony.com
SP,SP@compony.com
SP,SP@compony.com
MG,MG@compony.com
SP,SP@compony.com
SP,SP@compony.com
SP,SP@compony.com
SP,SP@compony.com
SP,SP@compony.com
SP,SP@compony.com
SP,SP@compony.com
SP,SP@compony.com
RJ,RJ@compony.com
RJ,RJ@compony.com
SC,SC@compony.com
SP,SP@compony.com
MG,MG@compony.com
RJ,RJ@compony.com
SP,SP@compony.com
MG,MG@compony.com
SC,SC@compony.com
SP,SP@compony.com
RJ,RJ@compony.com
SC,SC@compony.com
SP,SP@compony.com
SP,SP@compony.com
SP,SP@compony.com
SP,SP@compony.com
PR,PR@compony.com
SP,SP@compony.com
SP,SP@compony.com
RS,RS@compony.com
SP,SP@compony.com
SP,SP@compony.com
SP,SP@compony.com
SP,SP@compony.com
PR,PR@compony.com
MG,MG@compony.com
SP,SP@compony.com
SP,SP@compony.com
SP,SP@compony.com
MG,MG@compony.com
SP,SP@compony.com
RJ,RJ@compony.com
SP,SP@compony.com
MG,MG@compony.com
SP,SP@compony.com
SP,SP@compony.com
SP,SP@compony.com
PR,PR@compony.com
SP,SP@compony.com
SP,SP@compony.com
SC,SC@compony.com
PR,PR@compony.com
RJ,RJ@compony.com
SC,SC@compony.com
DF,DF@compony.com
SP,SP@compony.com
RJ,RJ@compony.com
PR,PR@compony.com
PR,PR@compony.com
PR,PR@compony.com
SP,SP@compony.com
SP,SP@compony.com
SP,SP@compony.com
SP,SP@compony.com
DF,DF@compony.com
PR,PR@compony.com
RN,RN@compony.com
PR,PR@compony.com
MG,MG@compony.com
SP,SP@compony.com
SP,SP@compony.com
SP,SP@compony.com
RJ,RJ@compony.com
SP,SP@compony.com
SC,SC@compony.com
RS,RS@compony.com
SP,SP@compony.com
SP,SP@compony.com
MG,MG@compony.com
SP,SP@compony.com
PR,PR@compony.com
GO,GO@compony.com
SC,SC@compony.com
SP,SP@compony.com
PR,PR@compony.com
MS,MS@compony.com
MG,MG@compony.com
SP,SP@compony.com
SP,SP@compony.com
SP,SP@compony.com
SP,SP@compony.com
SP,SP@compony.com
SP,SP@compony.com
SC,SC@compony.com
SP,SP@compony.com
RJ,RJ@compony.com
SC,SC@compony.com
SP,SP@compony.com
RS,RS@compony.com
MG,MG@compony.com
SP,SP@compony.com
RJ,RJ@compony.com
SP,SP@compony.com
DF,DF@compony.com
SP,SP@compony.com
SP,SP@compony.com
MG,MG@compony.com
PR,PR@compony.com
SP,SP@compony.com
SP,SP@compony.com
SP,SP@compony.com
PR,PR@compony.com
SP,SP@compony.com
SP,SP@compony.com
SP,SP@compony.com
RS,RS@compony.com
SC,SC@compony.com
SP,SP@compony.com
RJ,RJ@compony.com
MG,MG@compony.com
SP,SP@compony.com
RO,RO@compony.com
SP,SP@compony.com
MG,MG@compony.com
PR,PR@compony.com
SP,SP@compony.com
SP,SP@compony.com
MG,MG@compony.com
SP,SP@compony.com
SP,SP@compony.com
SP,SP@compony.com
MG,MG@compony.com
SP,SP@compony.com
SP,SP@compony.com
SC,SC@compony.com
SP,SP@compony.com
SP,SP@compony.com
SC,SC@compony.com
PR,PR@compony.com
SP,SP@compony.com
PR,PR@compony.com
PE,PE@compony.com
SP,SP@compony.com
GO,GO@compony.com
SC,SC@compony.com
SP,SP@compony.com
RJ,RJ@compony.com
SP,SP@compony.com
SP,SP@compony.com
RJ,RJ@compony.com
SP,SP@compony.com
SP,SP@compony.com
SP,SP@compony.com
SP,SP@compony.com
SP,SP@compony.com
SP,SP@compony.com
MG,MG@compony.com
MA,MA@compony.com
SP,SP@compony.com
MG,MG@compony.com
SP,SP@compony.com
SP,SP@compony.com
SP,SP@compony.com
SP,SP@compony.com
SC,SC@compony.com
SP,SP@compony.com
PR,PR@compony.com
PR,PR@compony.com
SP,SP@compony.com
SP,SP@compony.com
RJ,RJ@compony.com
PR,PR@compony.com
MG,MG@compony.com
SP,SP@compony.com
SP,SP@compony.com
RS,RS@compony.com
SP,SP@compony.com
RS,RS@compony.com
SP,SP@compony.com
SP,SP@compony.com
SP,SP@compony.com
SP,SP@compony.com
SP,SP@compony.com
SP,SP@compony.com
CE,CE@compony.com
SP,SP@compony.com
SP,SP@compony.com
SP,SP@compony.com
SP,SP@compony.com
SP,SP@compony.com
SP,SP@compony.com
SP,SP@compony.com
SP,SP@compony.com
SP,SP@compony.com
SP,SP@compony.com
PR,PR@compony.com
SC,SC@compony.com
PR,PR@compony.com
PR,PR@compony.com
SP,SP@compony.com
MG,MG@compony.com
SP,SP@compony.com
SP,SP@compony.com
SP,SP@compony.com
SP,SP@compony.com
SC,SC@compony.com
SP,SP@compony.com
PA,PA@compony.com
SP,SP@compony.com
RJ,RJ@compony.com
RJ,RJ@compony.com
SP,SP@compony.com
RJ,RJ@compony.com
SP,SP@compony.com
SP,SP@compony.com
SP,SP@compony.com
SP,SP@compony.com
PR,PR@compony.com
SP,SP@compony.com
SP,SP@compony.com
SP,SP@compony.com
RJ,RJ@compony.com
SP,SP@compony.com
SC,SC@compony.com
SP,SP@compony.com
SP,SP@compony.com
SP,SP@compony.com
SP,SP@compony.com
PR,PR@compony.com
MS,MS@compony.com
SP,SP@compony.com
SC,SC@compony.com
SP,SP@compony.com
RJ,RJ@compony.com
SP,SP@compony.com
DF,DF@compony.com
ES,ES@compony.com
SP,SP@compony.com
SP,SP@compony.com
SP,SP@compony.com
SP,SP@compony.com
RS,RS@compony.com
RS,RS@compony.com
MG,MG@compony.com
SP,SP@compony.com
SP,SP@compony.com
SP,SP@compony.com
RJ,RJ@compony.com
SP,SP@compony.com
SP,SP@compony.com
SP,SP@compony.com
SP,SP@compony.com
PR,PR@compony.com
MG,MG@compony.com
SP,SP@compony.com
SP,SP@compony.com
SP,SP@compony.com
SP,SP@compony.com
SP,SP@compony.com
SP,SP@compony.com
PR,PR@compony.com
SP,SP@compony.com
RS,RS@compony.com
SP,SP@compony.com
SP,SP@compony.com
SP,SP@compony.com
SP,SP@compony.com
MG,MG@compony.com
SP,SP@compony.com
MG,MG@compony.com
PR,PR@compony.com
SP,SP@compony.com
MG,MG@compony.com
MG,MG@compony.com
SP,SP@compony.com
SP,SP@compony.com
SP,SP@compony.com
PR,PR@compony.com
MG,MG@compony.com
SP,SP@compony.com
SP,SP@compony.com
PR,PR@compony.com
PR,PR@compony.com
SP,SP@compony.com
MG,MG@compony.com
MG,MG@compony.com
SP,SP@compony.com
SP,SP@compony.com
SP,SP@compony.com
RS,RS@compony.com
SC,SC@compony.com
SP,SP@compony.com
MG,MG@compony.com
MG,MG@compony.com
RS,RS@compony.com
SP,SP@compony.com
SP,SP@compony.com
PR,PR@compony.com
SP,SP@compony.com
RJ,RJ@compony.com
SP,SP@compony.com
SP,SP@compony.com
SP,SP@compony.com
SP,SP@compony.com
SP,SP@compony.com
SP,SP@compony.com
SP,SP@compony.com
RJ,RJ@compony.com
MG,MG@compony.com
SP,SP@compony.com
SP,SP@compony.com
RJ,RJ@compony.com
MG,MG@compony.com
MG,MG@compony.com
SP,SP@compony.com
MG,MG@compony.com
SP,SP@compony.com
PR,PR@compony.com
MG,MG@compony.com
SP,SP@compony.com
RS,RS@compony.com
RS,RS@compony.com
SP,SP@compony.com
SP,SP@compony.com
RJ,RJ@compony.com
RJ,RJ@compony.com
PR,PR@compony.com
SP,SP@compony.com
MT,MT@compony.com
SP,SP@compony.com
PR,PR@compony.com
RS,RS@compony.com
SP,SP@compony.com
SC,SC@compony.com
PR,PR@compony.com
RJ,RJ@compony.com
DF,DF@compony.com
SP,SP@compony.com
RJ,RJ@compony.com
SP,SP@compony.com
MG,MG@compony.com
RJ,RJ@compony.com
SP,SP@compony.com
PR,PR@compony.com
SP,SP@compony.com
CE,CE@compony.com
SP,SP@compony.com
RS,RS@compony.com
SP,SP@compony.com
MG,MG@compony.com
SC,SC@compony.com
SP,SP@compony.com
DF,DF@compony.com
SP,SP@compony.com
SP,SP@compony.com
SC,SC@compony.com
SP,SP@compony.com
SP,SP@compony.com
SP,SP@compony.com
SP,SP@compony.com
SP,SP@compony.com
PR,PR@compony.com
SP,SP@compony.com
SP,SP@compony.com
SP,SP@compony.com
PR,PR@compony.com
SP,SP@compony.com
ES,ES@compony.com
SP,SP@compony.com
SP,SP@compony.com
SP,SP@compony.com
SP,SP@compony.com
SP,SP@compony.com
SP,SP@compony.com
SP,SP@compony.com
MG,MG@compony.com
SP,SP@compony.com
SP,SP@compony.com
PR,PR@compony.com
SP,SP@compony.com
SP,SP@compony.com
SP,SP@compony.com
SP,SP@compony.com
SP,SP@compony.com
SP,SP@compony.com
SP,SP@compony.com
SP,SP@compony.com
RJ,RJ@compony.com
SP,SP@compony.com
MG,MG@compony.com
SP,SP@compony.com
PR,PR@compony.com
PR,PR@compony.com
MG,MG@compony.com
SP,SP@compony.com
SP,SP@compony.com
SP,SP@compony.com
SP,SP@compony.com
RJ,RJ@compony.com
SP,SP@compony.com
MG,MG@compony.com
SP,SP@compony.com
SP,SP@compony.com
SP,SP@compony.com
MG,MG@compony.com
SC,SC@compony.com
SP,SP@compony.com
PR,PR@compony.com
SP,SP@compony.com
SP,SP@compony.com
SC,SC@compony.com
ES,ES@compony.com
SP,SP@compony.com
SP,SP@compony.com
SP,SP@compony.com
SP,SP@compony.com
GO,GO@compony.com
SP,SP@compony.com
SP,SP@compony.com
SP,SP@compony.com
RJ,RJ@compony.com
PR,PR@compony.com
SP,SP@compony.com
DF,DF@compony.com
PR,PR@compony.com
SP,SP@compony.com
SP,SP@compony.com
SP,SP@compony.com
PE,PE@compony.com
RS,RS@compony.com
BA,BA@compony.com
SP,SP@compony.com
SP,SP@compony.com
SP,SP@compony.com
SC,SC@compony.com
SP,SP@compony.com
RS,RS@compony.com
SP,SP@compony.com
SP,SP@compony.com
SP,SP@compony.com
SP,SP@compony.com
GO,GO@compony.com
SC,SC@compony.com
SC,SC@compony.com
SC,SC@compony.com
GO,GO@compony.com
SP,SP@compony.com
PR,PR@compony.com
SP,SP@compony.com
SC,SC@compony.com
SP,SP@compony.com
PR,PR@compony.com
SP,SP@compony.com
CE,CE@compony.com
SP,SP@compony.com
SP,SP@compony.com
SP,SP@compony.com
SP,SP@compony.com
RJ,RJ@compony.com
SC,SC@compony.com
SP,SP@compony.com
SP,SP@compony.com
SP,SP@compony.com
SC,SC@compony.com
SP,SP@compony.com
SP,SP@compony.com
PR,PR@compony.com
SC,SC@compony.com
SC,SC@compony.com
SP,SP@compony.com
PR,PR@compony.com
PR,PR@compony.com
PR,PR@compony.com
MG,MG@compony.com
SP,SP@compony.com
SP,SP@compony.com
SP,SP@compony.com
MG,MG@compony.com
SP,SP@compony.com
MG,MG@compony.com
SP,SP@compony.com
SP,SP@compony.com
SP,SP@compony.com
SP,SP@compony.com
DF,DF@compony.com
MG,MG@compony.com
SC,SC@compony.com
SP,SP@compony.com
RS,RS@compony.com
SP,SP@compony.com
ES,ES@compony.com
PR,PR@compony.com
SP,SP@compony.com
MG,MG@compony.com
RS,RS@compony.com
SP,SP@compony.com
SP,SP@compony.com
SP,SP@compony.com
SP,SP@compony.com
SP,SP@compony.com
MG,MG@compony.com
PB,PB@compony.com
SP,SP@compony.com
SP,SP@compony.com
SP,SP@compony.com
SP,SP@compony.com
SP,SP@compony.com
DF,DF@compony.com
SP,SP@compony.com
MG,MG@compony.com
SP,SP@compony.com
MG,MG@compony.com
MG,MG@compony.com
SP,SP@compony.com
SP,SP@compony.com
SP,SP@compony.com
SC,SC@compony.com
SP,SP@compony.com
SP,SP@compony.com
BA,BA@compony.com
SP,SP@compony.com
SP,SP@compony.com
SP,SP@compony.com
RS,RS@compony.com
SP,SP@compony.com
RJ,RJ@compony.com
RS,RS@compony.com
SP,SP@compony.com
SP,SP@compony.com
SP,SP@compony.com
PR,PR@compony.com
SP,SP@compony.com
SP,SP@compony.com
SP,SP@compony.com
SP,SP@compony.com
SC,SC@compony.com
SP,SP@compony.com
SP,SP@compony.com
SP,SP@compony.com
SP,SP@compony.com
SP,SP@compony.com
SC,SC@compony.com
PR,PR@compony.com
SP,SP@compony.com
SP,SP@compony.com
SP,SP@compony.com
MG,MG@compony.com
PR,PR@compony.com
RJ,RJ@compony.com
SP,SP@compony.com
SP,SP@compony.com
SP,SP@compony.com
MG,MG@compony.com
SP,SP@compony.com
PR,PR@compony.com
SP,SP@compony.com
SP,SP@compony.com
SP,SP@compony.com
SP,SP@compony.com
PR,PR@compony.com
SP,SP@compony.com
SP,SP@compony.com
SP,SP@compony.com
SP,SP@compony.com
SP,SP@compony.com
SP,SP@compony.com
SP,SP@compony.com
SC,SC@compony.com
MG,MG@compony.com
SP,SP@compony.com
ES,ES@compony.com
SP,SP@compony.com
SP,SP@compony.com
SP,SP@compony.com
SP,SP@compony.com
DF,DF@compony.com
PR,PR@compony.com
RS,RS@compony.com
SP,SP@compony.com
SP,SP@compony.com
SP,SP@compony.com
SP,SP@compony.com
PR,PR@compony.com
SP,SP@compony.com
SP,SP@compony.com
SP,SP@compony.com
RS,RS@compony.com
SP,SP@compony.com
SP,SP@compony.com
SP,SP@compony.com
SP,SP@compony.com
PR,PR@compony.com
SP,SP@compony.com
DF,DF@compony.com
SC,SC@compony.com
SP,SP@compony.com
SP,SP@compony.com
RJ,RJ@compony.com
SP,SP@compony.com
SP,SP@compony.com
SP,SP@compony.com
DF,DF@compony.com
RS,RS@compony.com
RJ,RJ@compony.com
RS,RS@compony.com
SP,SP@compony.com
MG,MG@compony.com
PR,PR@compony.com
SP,SP@compony.com
SP,SP@compony.com
SP,SP@compony.com
GO,GO@compony.com
SP,SP@compony.com
SP,SP@compony.com
SC,SC@compony.com
SP,SP@compony.com
RJ,RJ@compony.com
BA,BA@compony.com
SP,SP@compony.com
SP,SP@compony.com
PR,PR@compony.com
MG,MG@compony.com
SP,SP@compony.com
RJ,RJ@compony.com
SP,SP@compony.com
SP,SP@compony.com
MG,MG@compony.com
PR,PR@compony.com
SP,SP@compony.com
SP,SP@compony.com
RJ,RJ@compony.com
RN,RN@compony.com
PR,PR@compony.com
SP,SP@compony.com
SP,SP@compony.com
SP,SP@compony.com
PR,PR@compony.com
SP,SP@compony.com
SP,SP@compony.com
PR,PR@compony.com
SP,SP@compony.com
MG,MG@compony.com
MG,MG@compony.com
PR,PR@compony.com
SP,SP@compony.com
SC,SC@compony.com
MG,MG@compony.com
SP,SP@compony.com
SP,SP@compony.com
PR,PR@compony.com
SP,SP@compony.com
MG,MG@compony.com
SP,SP@compony.com
GO,GO@compony.com
PR,PR@compony.com
SP,SP@compony.com
SP,SP@compony.com
SP,SP@compony.com
SP,SP@compony.com
SP,SP@compony.com
RS,RS@compony.com
SP,SP@compony.com
SP,SP@compony.com
SP,SP@compony.com
SP,SP@compony.com
SP,SP@compony.com
PR,PR@compony.com
SP,SP@compony.com
SP,SP@compony.com
RS,RS@compony.com
SP,SP@compony.com
SP,SP@compony.com
RJ,RJ@compony.com
PR,PR@compony.com
SP,SP@compony.com
SP,SP@compony.com
SP,SP@compony.com
SC,SC@compony.com
SP,SP@compony.com
SP,SP@compony.com
SP,SP@compony.com
SP,SP@compony.com
SP,SP@compony.com
ES,ES@compony.com
PR,PR@compony.com
MG,MG@compony.com
SP,SP@compony.com
SP,SP@compony.com
SP,SP@compony.com
PR,PR@compony.com
SC,SC@compony.com
SP,SP@compony.com
SP,SP@compony.com
SP,SP@compony.com
SP,SP@compony.com
SP,SP@compony.com
RS,RS@compony.com
RJ,RJ@compony.com
SP,SP@compony.com
RS,RS@compony.com
RS,RS@compony.com
SP,SP@compony.com
RS,RS@compony.com
SC,SC@compony.com
SP,SP@compony.com
SC,SC@compony.com
MG,MG@compony.com
MG,MG@compony.com
SP,SP@compony.com
PR,PR@compony.com
PR,PR@compony.com
SP,SP@compony.com
SP,SP@compony.com
PE,PE@compony.com
RJ,RJ@compony.com
SP,SP@compony.com
DF,DF@compony.com
SP,SP@compony.com
SP,SP@compony.com
SP,SP@compony.com
SP,SP@compony.com
PR,PR@compony.com
SP,SP@compony.com
MG,MG@compony.com
SP,SP@compony.com
SP,SP@compony.com
SP,SP@compony.com
PR,PR@compony.com
SP,SP@compony.com
RJ,RJ@compony.com
SP,SP@compony.com
MG,MG@compony.com
SP,SP@compony.com
SP,SP@compony.com
SP,SP@compony.com
SP,SP@compony.com
SP,SP@compony.com
PR,PR@compony.com
SP,SP@compony.com
RJ,RJ@compony.com
SP,SP@compony.com
PR,PR@compony.com
SP,SP@compony.com
SP,SP@compony.com
SP,SP@compony.com
SC,SC@compony.com
SP,SP@compony.com
SP,SP@compony.com
SP,SP@compony.com
PR,PR@compony.com
SP,SP@compony.com
SP,SP@compony.com
SP,SP@compony.com
PR,PR@compony.com
DF,DF@compony.com
SP,SP@compony.com
MG,MG@compony.com
RJ,RJ@compony.com
SP,SP@compony.com
SP,SP@compony.com
SP,SP@compony.com
PR,PR@compony.com
SP,SP@compony.com
SP,SP@compony.com
SP,SP@compony.com
SP,SP@compony.com
PR,PR@compony.com
SP,SP@compony.com
SP,SP@compony.com
SP,SP@compony.com
SC,SC@compony.com
SP,SP@compony.com
SP,SP@compony.com
SP,SP@compony.com
DF,DF@compony.com
SP,SP@compony.com
SP,SP@compony.com
MG,MG@compony.com
SP,SP@compony.com
SP,SP@compony.com
PR,PR@compony.com
RJ,RJ@compony.com
SP,SP@compony.com
SP,SP@compony.com
MG,MG@compony.com
SP,SP@compony.com
MG,MG@compony.com
PR,PR@compony.com
SC,SC@compony.com
SP,SP@compony.com
RJ,RJ@compony.com
RS,RS@compony.com
SP,SP@compony.com
SP,SP@compony.com
PR,PR@compony.com
PR,PR@compony.com
PB,PB@compony.com
SP,SP@compony.com
RJ,RJ@compony.com
SP,SP@compony.com
SP,SP@compony.com
SP,SP@compony.com
SP,SP@compony.com
SP,SP@compony.com
SP,SP@compony.com
MG,MG@compony.com
PR,PR@compony.com
SP,SP@compony.com
SP,SP@compony.com
SP,SP@compony.com
SC,SC@compony.com
SC,SC@compony.com
MG,MG@compony.com
PR,PR@compony.com
SP,SP@compony.com
MG,MG@compony.com
SP,SP@compony.com
SP,SP@compony.com
SP,SP@compony.com
SP,SP@compony.com
SP,SP@compony.com
SP,SP@compony.com
SP,SP@compony.com
RS,RS@compony.com
MG,MG@compony.com
RS,RS@compony.com
SP,SP@compony.com
SP,SP@compony.com
PR,PR@compony.com
SP,SP@compony.com
RS,RS@compony.com
SP,SP@compony.com
BA,BA@compony.com
SP,SP@compony.com
SP,SP@compony.com
MG,MG@compony.com
SP,SP@compony.com
SP,SP@compony.com
PR,PR@compony.com
MG,MG@compony.com
SP,SP@compony.com
RJ,RJ@compony.com
SP,SP@compony.com
SP,SP@compony.com
SP,SP@compony.com
RS,RS@compony.com
SP,SP@compony.com
SP,SP@compony.com
SP,SP@compony.com
MG,MG@compony.com
SC,SC@compony.com
SP,SP@compony.com
SP,SP@compony.com
SP,SP@compony.com
SP,SP@compony.com
SP,SP@compony.com
SP,SP@compony.com
RJ,RJ@compony.com
SP,SP@compony.com
SP,SP@compony.com
MG,MG@compony.com
PR,PR@compony.com
SP,SP@compony.com
PR,PR@compony.com
RS,RS@compony.com
RS,RS@compony.com
RJ,RJ@compony.com
RS,RS@compony.com
SP,SP@compony.com
PR,PR@compony.com
SP,SP@compony.com
SP,SP@compony.com
PR,PR@compony.com
SP,SP@compony.com
SP,SP@compony.com
MG,MG@compony.com
PR,PR@compony.com
SP,SP@compony.com
RJ,RJ@compony.com
SP,SP@compony.com
SP,SP@compony.com
SP,SP@compony.com
SP,SP@compony.com
SP,SP@compony.com
SP,SP@compony.com
SP,SP@compony.com
PR,PR@compony.com
PR,PR@compony.com
RJ,RJ@compony.com
SP,SP@compony.com
SP,SP@compony.com
PR,PR@compony.com
SP,SP@compony.com
RJ,RJ@compony.com
SP,SP@compony.com
PR,PR@compony.com
SP,SP@compony.com
DF,DF@compony.com
SP,SP@compony.com
SP,SP@compony.com
SP,SP@compony.com
SP,SP@compony.com
SC,SC@compony.com
SP,SP@compony.com
SP,SP@compony.com
SP,SP@compony.com
RS,RS@compony.com
GO,GO@compony.com
SC,SC@compony.com
SP,SP@compony.com
SP,SP@compony.com
PR,PR@compony.com
SP,SP@compony.com
SP,SP@compony.com
PR,PR@compony.com
SP,SP@compony.com
SC,SC@compony.com
SP,SP@compony.com
SP,SP@compony.com
SP,SP@compony.com
SP,SP@compony.com
MG,MG@compony.com
SP,SP@compony.com
PR,PR@compony.com
MG,MG@compony.com
SC,SC@compony.com
SP,SP@compony.com
SP,SP@compony.com
SP,SP@compony.com
SP,SP@compony.com
MG,MG@compony.com
SP,SP@compony.com
MG,MG@compony.com
PR,PR@compony.com
SP,SP@compony.com
SP,SP@compony.com
PR,PR@compony.com
SP,SP@compony.com
MG,MG@compony.com
MG,MG@compony.com
SP,SP@compony.com
SP,SP@compony.com
SP,SP@compony.com
SP,SP@compony.com
RJ,RJ@compony.com
SP,SP@compony.com
MG,MG@compony.com
SP,SP@compony.com
CE,CE@compony.com
SP,SP@compony.com
SP,SP@compony.com
SC,SC@compony.com
SP,SP@compony.com
SP,SP@compony.com
SP,SP@compony.com
RS,RS@compony.com
SP,SP@compony.com
MG,MG@compony.com
SP,SP@compony.com
MG,MG@compony.com
SP,SP@compony.com
SP,SP@compony.com
SP,SP@compony.com
SP,SP@compony.com
SP,SP@compony.com
SC,SC@compony.com
RJ,RJ@compony.com
SP,SP@compony.com
SP,SP@compony.com
SP,SP@compony.com
PR,PR@compony.com
SP,SP@compony.com
SP,SP@compony.com
SP,SP@compony.com
MG,MG@compony.com
SP,SP@compony.com
SC,SC@compony.com
SP,SP@compony.com
BA,BA@compony.com
PR,PR@compony.com
SP,SP@compony.com
SP,SP@compony.com
SP,SP@compony.com
SP,SP@compony.com
PR,PR@compony.com
RN,RN@compony.com
SP,SP@compony.com
MG,MG@compony.com
RJ,RJ@compony.com
SP,SP@compony.com
SP,SP@compony.com
SP,SP@compony.com
SP,SP@compony.com
MG,MG@compony.com
SP,SP@compony.com
SP,SP@compony.com
SC,SC@compony.com
RJ,RJ@compony.com
PR,PR@compony.com
SP,SP@compony.com
PR,PR@compony.com
SP,SP@compony.com
SP,SP@compony.com
SP,SP@compony.com
MG,MG@compony.com
DF,DF@compony.com
SP,SP@compony.com
RS,RS@compony.com
PR,PR@compony.com
PR,PR@compony.com
SP,SP@compony.com
RJ,RJ@compony.com
SP,SP@compony.com
PR,PR@compony.com
PR,PR@compony.com
SP,SP@compony.com
SP,SP@compony.com
SC,SC@compony.com
PR,PR@compony.com
MG,MG@compony.com
PR,PR@compony.com
PR,PR@compony.com
SP,SP@compony.com
SP,SP@compony.com
SP,SP@compony.com
SP,SP@compony.com
PR,PR@compony.com
SP,SP@compony.com
SP,SP@compony.com
SP,SP@compony.com
SP,SP@compony.com
PR,PR@compony.com
SP,SP@compony.com
SP,SP@compony.com
SP,SP@compony.com
SP,SP@compony.com
SP,SP@compony.com
PR,PR@compony.com
SP,SP@compony.com
MG,MG@compony.com
SP,SP@compony.com
SP,SP@compony.com
PR,PR@compony.com
PR,PR@compony.com
SP,SP@compony.com
RJ,RJ@compony.com
SP,SP@compony.com
SP,SP@compony.com
PR,PR@compony.com
SP,SP@compony.com
SP,SP@compony.com
SP,SP@compony.com
SP,SP@compony.com
SC,SC@compony.com
SP,SP@compony.com
SP,SP@compony.com
SC,SC@compony.com
SP,SP@compony.com
PR,PR@compony.com
SP,SP@compony.com
PR,PR@compony.com
SP,SP@compony.com
MG,MG@compony.com
SP,SP@compony.com
SP,SP@compony.com
PR,PR@compony.com
RS,RS@compony.com
SP,SP@compony.com
SP,SP@compony.com
SP,SP@compony.com
PR,PR@compony.com
PR,PR@compony.com
RS,RS@compony.com
RJ,RJ@compony.com
SP,SP@compony.com
SP,SP@compony.com
PR,PR@compony.com
PR,PR@compony.com
RJ,RJ@compony.com
BA,BA@compony.com
SP,SP@compony.com
RS,RS@compony.com
PR,PR@compony.com
SP,SP@compony.com
SP,SP@compony.com
SP,SP@compony.com
SP,SP@compony.com
SP,SP@compony.com
SP,SP@compony.com
SP,SP@compony.com
MG,MG@compony.com
SP,SP@compony.com
PR,PR@compony.com
SP,SP@compony.com
SP,SP@compony.com
SP,SP@compony.com
SP,SP@compony.com
SP,SP@compony.com
PB,PB@compony.com
SP,SP@compony.com
SP,SP@compony.com
SP,SP@compony.com
SP,SP@compony.com
SP,SP@compony.com
SP,SP@compony.com
SP,SP@compony.com
SP,SP@compony.com
SC,SC@compony.com
SP,SP@compony.com
SC,SC@compony.com
SP,SP@compony.com
PR,PR@compony.com
SP,SP@compony.com
SP,SP@compony.com
SP,SP@compony.com
SP,SP@compony.com
SP,SP@compony.com
SP,SP@compony.com
SP,SP@compony.com
SP,SP@compony.com
SP,SP@compony.com
SP,SP@compony.com
SP,SP@compony.com
SP,SP@compony.com
PR,PR@compony.com
SP,SP@compony.com
SP,SP@compony.com
SP,SP@compony.com
PR,PR@compony.com
MG,MG@compony.com
MG,MG@compony.com
SP,SP@compony.com
SP,SP@compony.com
SP,SP@compony.com
RJ,RJ@compony.com
DF,DF@compony.com
RS,RS@compony.com
SP,SP@compony.com
MG,MG@compony.com
SP,SP@compony.com
SP,SP@compony.com
SP,SP@compony.com
SP,SP@compony.com
PR,PR@compony.com
SP,SP@compony.com
SP,SP@compony.com
SP,SP@compony.com
MG,MG@compony.com
SP,SP@compony.com
SP,SP@compony.com
SP,SP@compony.com
SP,SP@compony.com
SP,SP@compony.com
SC,SC@compony.com
DF,DF@compony.com
SP,SP@compony.com
SP,SP@compony.com
SC,SC@compony.com
SC,SC@compony.com
SP,SP@compony.com
CE,CE@compony.com
SP,SP@compony.com
SP,SP@compony.com
MG,MG@compony.com
SP,SP@compony.com
SP,SP@compony.com
SC,SC@compony.com
SP,SP@compony.com
RS,RS@compony.com
PR,PR@compony.com
MG,MG@compony.com
SP,SP@compony.com
SP,SP@compony.com
SP,SP@compony.com
SP,SP@compony.com
SP,SP@compony.com
SP,SP@compony.com
MG,MG@compony.com
SP,SP@compony.com
SP,SP@compony.com
RJ,RJ@compony.com
SP,SP@compony.com
SP,SP@compony.com
RJ,RJ@compony.com
SP,SP@compony.com
SP,SP@compony.com
RJ,RJ@compony.com
SP,SP@compony.com
SP,SP@compony.com
PR,PR@compony.com
SP,SP@compony.com
SP,SP@compony.com
RJ,RJ@compony.com
PR,PR@compony.com
RJ,RJ@compony.com
SP,SP@compony.com
MG,MG@compony.com
GO,GO@compony.com
RS,RS@compony.com
SP,SP@compony.com
RJ,RJ@compony.com
SP,SP@compony.com
SP,SP@compony.com
SP,SP@compony.com
SP,SP@compony.com
RS,RS@compony.com
SP,SP@compony.com
PR,PR@compony.com
SP,SP@compony.com
SP,SP@compony.com
SP,SP@compony.com
SP,SP@compony.com
SP,SP@compony.com
GO,GO@compony.com
MT,MT@compony.com
SP,SP@compony.com
SP,SP@compony.com
RJ,RJ@compony.com
SP,SP@compony.com
ES,ES@compony.com
SP,SP@compony.com
SP,SP@compony.com
SP,SP@compony.com
MG,MG@compony.com
SP,SP@compony.com
PR,PR@compony.com
MG,MG@compony.com
SP,SP@compony.com
SP,SP@compony.com
RJ,RJ@compony.com
SP,SP@compony.com
SP,SP@compony.com
SP,SP@compony.com
RJ,RJ@compony.com
SC,SC@compony.com
RS,RS@compony.com
SP,SP@compony.com
SP,SP@compony.com
SP,SP@compony.com
SP,SP@compony.com
MG,MG@compony.com
SP,SP@compony.com
SP,SP@compony.com
SP,SP@compony.com
BA,BA@compony.com
SP,SP@compony.com
MG,MG@compony.com
SC,SC@compony.com
SP,SP@compony.com
SP,SP@compony.com
SP,SP@compony.com
SP,SP@compony.com
SP,SP@compony.com
RS,RS@compony.com
SP,SP@compony.com
SP,SP@compony.com
SP,SP@compony.com
SP,SP@compony.com
SE,SE@compony.com
SP,SP@compony.com
SP,SP@compony.com
MG,MG@compony.com
SP,SP@compony.com
PR,PR@compony.com
RN,RN@compony.com
SP,SP@compony.com
SP,SP@compony.com
SP,SP@compony.com
SC,SC@compony.com
SP,SP@compony.com
SP,SP@compony.com
SP,SP@compony.com
SP,SP@compony.com
SC,SC@compony.com
CE,CE@compony.com
SP,SP@compony.com
DF,DF@compony.com
SP,SP@compony.com
SP,SP@compony.com
SP,SP@compony.com
SP,SP@compony.com
SP,SP@compony.com
SP,SP@compony.com
RS,RS@compony.com
SP,SP@compony.com
SP,SP@compony.com
PR,PR@compony.com
SP,SP@compony.com
SP,SP@compony.com
SP,SP@compony.com
SC,SC@compony.com
RJ,RJ@compony.com
MG,MG@compony.com
PR,PR@compony.com
PR,PR@compony.com
RJ,RJ@compony.com
SP,SP@compony.com
SP,SP@compony.com
BA,BA@compony.com
SP,SP@compony.com
PI,PI@compony.com
SP,SP@compony.com
SP,SP@compony.com
DF,DF@compony.com
PR,PR@compony.com
SP,SP@compony.com
SP,SP@compony.com
RS,RS@compony.com
SP,SP@compony.com
SP,SP@compony.com
SP,SP@compony.com
SP,SP@compony.com
SP,SP@compony.com
SP,SP@compony.com
RJ,RJ@compony.com
SP,SP@compony.com
SP,SP@compony.com
PR,PR@compony.com
MG,MG@compony.com
RS,RS@compony.com
SP,SP@compony.com
MG,MG@compony.com
SP,SP@compony.com
SP,SP@compony.com
MG,MG@compony.com
SC,SC@compony.com
PR,PR@compony.com
SP,SP@compony.com
SP,SP@compony.com
SP,SP@compony.com
SP,SP@compony.com
SP,SP@compony.com
SP,SP@compony.com
SP,SP@compony.com
RJ,RJ@compony.com
SP,SP@compony.com
SP,SP@compony.com
SP,SP@compony.com
SP,SP@compony.com
SP,SP@compony.com
PR,PR@compony.com
MG,MG@compony.com
PR,PR@compony.com
SC,SC@compony.com
SP,SP@compony.com
RS,RS@compony.com
PR,PR@compony.com
SP,SP@compony.com
RJ,RJ@compony.com
SP,SP@compony.com
SP,SP@compony.com
SP,SP@compony.com
SP,SP@compony.com
SP,SP@compony.com
MS,MS@compony.com
SP,SP@compony.com
SP,SP@compony.com
PR,PR@compony.com
SP,SP@compony.com
SP,SP@compony.com
SC,SC@compony.com
SP,SP@compony.com
PR,PR@compony.com
SP,SP@compony.com
PR,PR@compony.com
SP,SP@compony.com
PR,PR@compony.com
SP,SP@compony.com
PR,PR@compony.com
RJ,RJ@compony.com
MG,MG@compony.com
SP,SP@compony.com
SP,SP@compony.com
MG,MG@compony.com
SP,SP@compony.com
SC,SC@compony.com
SP,SP@compony.com
SP,SP@compony.com
SP,SP@compony.com
SP,SP@compony.com
RN,RN@compony.com
RJ,RJ@compony.com
RS,RS@compony.com
SP,SP@compony.com
SP,SP@compony.com
RS,RS@compony.com
SP,SP@compony.com
PR,PR@compony.com
SP,SP@compony.com
SP,SP@compony.com
MG,MG@compony.com
SP,SP@compony.com
RS,RS@compony.com
SP,SP@compony.com
SP,SP@compony.com
SP,SP@compony.com
PR,PR@compony.com
SP,SP@compony.com
SP,SP@compony.com
SP,SP@compony.com
PR,PR@compony.com
RJ,RJ@compony.com
SP,SP@compony.com
SP,SP@compony.com
MG,MG@compony.com
SC,SC@compony.com
RS,RS@compony.com
SP,SP@compony.com
SP,SP@compony.com
SP,SP@compony.com
PR,PR@compony.com
SC,SC@compony.com
SP,SP@compony.com
ES,ES@compony.com
MG,MG@compony.com
SP,SP@compony.com
PR,PR@compony.com
SC,SC@compony.com
MS,MS@compony.com
MG,MG@compony.com
SP,SP@compony.com
MG,MG@compony.com
SP,SP@compony.com
SP,SP@compony.com
PR,PR@compony.com
SP,SP@compony.com
GO,GO@compony.com
MG,MG@compony.com
PR,PR@compony.com
SP,SP@compony.com
PR,PR@compony.com
SP,SP@compony.com
RJ,RJ@compony.com
SP,SP@compony.com
PE,PE@compony.com
SP,SP@compony.com
RJ,RJ@compony.com
SP,SP@compony.com
RS,RS@compony.com
SP,SP@compony.com
SP,SP@compony.com
SP,SP@compony.com
SP,SP@compony.com
GO,GO@compony.com
SP,SP@compony.com
SP,SP@compony.com
SP,SP@compony.com
SP,SP@compony.com
SP,SP@compony.com
SP,SP@compony.com
SP,SP@compony.com
RS,RS@compony.com
SP,SP@compony.com
RS,RS@compony.com
SP,SP@compony.com
GO,GO@compony.com
SC,SC@compony.com
DF,DF@compony.com
RS,RS@compony.com
SP,SP@compony.com
PR,PR@compony.com
MG,MG@compony.com
MG,MG@compony.com
MG,MG@compony.com
SP,SP@compony.com
BA,BA@compony.com
SP,SP@compony.com
SP,SP@compony.com
SP,SP@compony.com
SP,SP@compony.com
SP,SP@compony.com
SP,SP@compony.com
PR,PR@compony.com
SP,SP@compony.com
SP,SP@compony.com
SC,SC@compony.com
SC,SC@compony.com
PR,PR@compony.com
SC,SC@compony.com
RJ,RJ@compony.com
DF,DF@compony.com
RJ,RJ@compony.com
SP,SP@compony.com
SP,SP@compony.com
SC,SC@compony.com
SP,SP@compony.com
SP,SP@compony.com
SP,SP@compony.com
SP,SP@compony.com
SP,SP@compony.com
SP,SP@compony.com
SP,SP@compony.com
SP,SP@compony.com
SP,SP@compony.com
SP,SP@compony.com
RJ,RJ@compony.com
SP,SP@compony.com
PR,PR@compony.com
PR,PR@compony.com
SP,SP@compony.com
SP,SP@compony.com
SP,SP@compony.com
SP,SP@compony.com
SP,SP@compony.com
SP,SP@compony.com
SP,SP@compony.com
SP,SP@compony.com
SP,SP@compony.com
SP,SP@compony.com
SP,SP@compony.com
SC,SC@compony.com
SP,SP@compony.com
RJ,RJ@compony.com
SP,SP@compony.com
SP,SP@compony.com
RS,RS@compony.com
SP,SP@compony.com
SP,SP@compony.com
PR,PR@compony.com
SP,SP@compony.com
SP,SP@compony.com
PR,PR@compony.com
RJ,RJ@compony.com
SP,SP@compony.com
SP,SP@compony.com
SP,SP@compony.com
RS,RS@compony.com
SP,SP@compony.com
SP,SP@compony.com
RS,RS@compony.com
SC,SC@compony.com
SP,SP@compony.com
RS,RS@compony.com
RS,RS@compony.com
SP,SP@compony.com
SP,SP@compony.com
SP,SP@compony.com
SC,SC@compony.com
SP,SP@compony.com
SP,SP@compony.com
SP,SP@compony.com
SP,SP@compony.com
SP,SP@compony.com
MG,MG@compony.com
SP,SP@compony.com
SP,SP@compony.com
SP,SP@compony.com
SP,SP@compony.com
MG,MG@compony.com
SC,SC@compony.com
SP,SP@compony.com
SP,SP@compony.com
SP,SP@compony.com
MG,MG@compony.com
SP,SP@compony.com
SP,SP@compony.com
SP,SP@compony.com
SC,SC@compony.com
SP,SP@compony.com
SP,SP@compony.com
SP,SP@compony.com
SP,SP@compony.com
SP,SP@compony.com
RJ,RJ@compony.com
PR,PR@compony.com
SP,SP@compony.com
SP,SP@compony.com
CE,CE@compony.com
PR,PR@compony.com
SP,SP@compony.com
BA,BA@compony.com
SP,SP@compony.com
PR,PR@compony.com
RJ,RJ@compony.com
SP,SP@compony.com
SP,SP@compony.com
SP,SP@compony.com
PR,PR@compony.com
PR,PR@compony.com
SP,SP@compony.com
SP,SP@compony.com
SP,SP@compony.com
SP,SP@compony.com
SP,SP@compony.com
MG,MG@compony.com
SP,SP@compony.com
SP,SP@compony.com
PR,PR@compony.com
SP,SP@compony.com
SP,SP@compony.com
SP,SP@compony.com
SP,SP@compony.com
SP,SP@compony.com
RJ,RJ@compony.com
SP,SP@compony.com
SP,SP@compony.com
CE,CE@compony.com
RS,RS@compony.com
SP,SP@compony.com
SP,SP@compony.com
SP,SP@compony.com
SP,SP@compony.com
SP,SP@compony.com
MG,MG@compony.com
SP,SP@compony.com
SP,SP@compony.com
PR,PR@compony.com
ES,ES@compony.com
SP,SP@compony.com
SP,SP@compony.com
SP,SP@compony.com
PE,PE@compony.com
SP,SP@compony.com
SP,SP@compony.com
GO,GO@compony.com
SP,SP@compony.com
SP,SP@compony.com
SP,SP@compony.com
SP,SP@compony.com
SP,SP@compony.com
PR,PR@compony.com
SP,SP@compony.com
CE,CE@compony.com
SP,SP@compony.com
PR,PR@compony.com
SP,SP@compony.com
SP,SP@compony.com
SP,SP@compony.com
SC,SC@compony.com
SP,SP@compony.com
CE,CE@compony.com
GO,GO@compony.com
SP,SP@compony.com
SP,SP@compony.com
SP,SP@compony.com
SP,SP@compony.com
SC,SC@compony.com
SC,SC@compony.com
SP,SP@compony.com
SP,SP@compony.com
SP,SP@compony.com
SP,SP@compony.com
PR,PR@compony.com
PR,PR@compony.com
SP,SP@compony.com
SP,SP@compony.com
SP,SP@compony.com
SP,SP@compony.com
PR,PR@compony.com
SC,SC@compony.com
SP,SP@compony.com
MG,MG@compony.com
SP,SP@compony.com
AM,AM@compony.com
SP,SP@compony.com
SP,SP@compony.com
MG,MG@compony.com
RJ,RJ@compony.com
SP,SP@compony.com
SP,SP@compony.com
SP,SP@compony.com
SP,SP@compony.com
SP,SP@compony.com
SP,SP@compony.com
GO,GO@compony.com
SP,SP@compony.com
GO,GO@compony.com
SC,SC@compony.com
SP,SP@compony.com
SP,SP@compony.com
PR,PR@compony.com
RJ,RJ@compony.com
SP,SP@compony.com
SP,SP@compony.com
SP,SP@compony.com
SP,SP@compony.com
MG,MG@compony.com
SP,SP@compony.com
MG,MG@compony.com
SC,SC@compony.com
RJ,RJ@compony.com
SC,SC@compony.com
SP,SP@compony.com
ES,ES@compony.com
RS,RS@compony.com
PE,PE@compony.com
SP,SP@compony.com
PR,PR@compony.com
SP,SP@compony.com
SP,SP@compony.com
RJ,RJ@compony.com
SP,SP@compony.com
SC,SC@compony.com
SP,SP@compony.com
SP,SP@compony.com
SP,SP@compony.com
SC,SC@compony.com
PR,PR@compony.com
SP,SP@compony.com
SP,SP@compony.com
RS,RS@compony.com
PR,PR@compony.com
ES,ES@compony.com
SP,SP@compony.com
SP,SP@compony.com
SC,SC@compony.com
PR,PR@compony.com
SC,SC@compony.com
DF,DF@compony.com
RS,RS@compony.com
SP,SP@compony.com
SP,SP@compony.com
SP,SP@compony.com
SP,SP@compony.com
SP,SP@compony.com
RS,RS@compony.com
PR,PR@compony.com
PR,PR@compony.com
PR,PR@compony.com
SP,SP@compony.com
RS,RS@compony.com
PR,PR@compony.com
RS,RS@compony.com
SC,SC@compony.com
SP,SP@compony.com
SP,SP@compony.com
SP,SP@compony.com
SP,SP@compony.com
RJ,RJ@compony.com
MG,MG@compony.com
RS,RS@compony.com
DF,DF@compony.com
SP,SP@compony.com
RJ,RJ@compony.com
SP,SP@compony.com
SP,SP@compony.com
RJ,RJ@compony.com
MG,MG@compony.com
SP,SP@compony.com
SP,SP@compony.com
RJ,RJ@compony.com
SP,SP@compony.com
SP,SP@compony.com
SP,SP@compony.com
SP,SP@compony.com
PR,PR@compony.com
SP,SP@compony.com
PR,PR@compony.com
RJ,RJ@compony.com
SC,SC@compony.com
SP,SP@compony.com
SP,SP@compony.com
SP,SP@compony.com
SC,SC@compony.com
SP,SP@compony.com
SP,SP@compony.com
SP,SP@compony.com
MG,MG@compony.com
SP,SP@compony.com
MG,MG@compony.com
SP,SP@compony.com
SP,SP@compony.com
SP,SP@compony.com
SP,SP@compony.com
SP,SP@compony.com
SP,SP@compony.com
SP,SP@compony.com
SP,SP@compony.com
SP,SP@compony.com
SC,SC@compony.com
SP,SP@compony.com
SP,SP@compony.com
SP,SP@compony.com
MG,MG@compony.com
BA,BA@compony.com
SP,SP@compony.com
SP,SP@compony.com
PR,PR@compony.com
SC,SC@compony.com
SP,SP@compony.com
SP,SP@compony.com
MG,MG@compony.com
PR,PR@compony.com
PR,PR@compony.com
SC,SC@compony.com
BA,BA@compony.com
SP,SP@compony.com
RS,RS@compony.com
CE,CE@compony.com
RS,RS@compony.com
SP,SP@compony.com
MG,MG@compony.com
SP,SP@compony.com
PR,PR@compony.com
RJ,RJ@compony.com
SP,SP@compony.com
SC,SC@compony.com
PR,PR@compony.com
SP,SP@compony.com
SP,SP@compony.com
SP,SP@compony.com
RJ,RJ@compony.com
RS,RS@compony.com
SP,SP@compony.com
SP,SP@compony.com
SP,SP@compony.com
PR,PR@compony.com
PR,PR@compony.com
SP,SP@compony.com
PR,PR@compony.com
RJ,RJ@compony.com
SP,SP@compony.com
BA,BA@compony.com
GO,GO@compony.com
SP,SP@compony.com
PR,PR@compony.com
SP,SP@compony.com
SC,SC@compony.com
SP,SP@compony.com
RJ,RJ@compony.com
SP,SP@compony.com
SP,SP@compony.com
SP,SP@compony.com
SP,SP@compony.com
SP,SP@compony.com
RS,RS@compony.com
SP,SP@compony.com
SP,SP@compony.com
SP,SP@compony.com
RS,RS@compony.com
PR,PR@compony.com
SP,SP@compony.com
PR,PR@compony.com
RS,RS@compony.com
RS,RS@compony.com
SP,SP@compony.com
SP,SP@compony.com
SP,SP@compony.com
RJ,RJ@compony.com
SP,SP@compony.com
SP,SP@compony.com
PR,PR@compony.com
MG,MG@compony.com
SP,SP@compony.com
SP,SP@compony.com
SP,SP@compony.com
SP,SP@compony.com
SC,SC@compony.com
SP,SP@compony.com
PR,PR@compony.com
SP,SP@compony.com
GO,GO@compony.com
SP,SP@compony.com
SP,SP@compony.com
PR,PR@compony.com
SP,SP@compony.com
SP,SP@compony.com
RJ,RJ@compony.com
PR,PR@compony.com
SP,SP@compony.com
SP,SP@compony.com
RJ,RJ@compony.com
RJ,RJ@compony.com
PR,PR@compony.com
SC,SC@compony.com
MG,MG@compony.com
SP,SP@compony.com
RJ,RJ@compony.com
SP,SP@compony.com
MG,MG@compony.com
SP,SP@compony.com
RJ,RJ@compony.com
SP,SP@compony.com
SP,SP@compony.com
SP,SP@compony.com
PB,PB@compony.com
SP,SP@compony.com
PR,PR@compony.com
SP,SP@compony.com
GO,GO@compony.com
SP,SP@compony.com
RJ,RJ@compony.com
RJ,RJ@compony.com
SC,SC@compony.com
SP,SP@compony.com
SP,SP@compony.com
SP,SP@compony.com
SP,SP@compony.com
SP,SP@compony.com
SP,SP@compony.com
SP,SP@compony.com
SC,SC@compony.com
SP,SP@compony.com
PR,PR@compony.com
SP,SP@compony.com
SP,SP@compony.com
SP,SP@compony.com
RJ,RJ@compony.com
SP,SP@compony.com
SP,SP@compony.com
SP,SP@compony.com
MG,MG@compony.com
MG,MG@compony.com
SP,SP@compony.com
SP,SP@compony.com
SP,SP@compony.com
RJ,RJ@compony.com
SP,SP@compony.com
SP,SP@compony.com
SP,SP@compony.com
SP,SP@compony.com
SP,SP@compony.com
SP,SP@compony.com
SC,SC@compony.com
SP,SP@compony.com
SP,SP@compony.com
SP,SP@compony.com
SP,SP@compony.com
SP,SP@compony.com
RJ,RJ@compony.com
PR,PR@compony.com
SP,SP@compony.com
SP,SP@compony.com
SC,SC@compony.com
SP,SP@compony.com
SP,SP@compony.com
SP,SP@compony.com
SP,SP@compony.com
SP,SP@compony.com
MG,MG@compony.com
SP,SP@compony.com
GO,GO@compony.com
PR,PR@compony.com
SP,SP@compony.com
MG,MG@compony.com
SP,SP@compony.com
SC,SC@compony.com
PR,PR@compony.com
MG,MG@compony.com
RS,RS@compony.com
MG,MG@compony.com
SP,SP@compony.com
PR,PR@compony.com
PR,PR@compony.com
SP,SP@compony.com
SP,SP@compony.com
PE,PE@compony.com
MG,MG@compony.com
SC,SC@compony.com
SP,SP@compony.com
SP,SP@compony.com
SP,SP@compony.com
RJ,RJ@compony.com
PR,PR@compony.com
SP,SP@compony.com
SP,SP@compony.com
RJ,RJ@compony.com
SP,SP@compony.com
RJ,RJ@compony.com
SP,SP@compony.com
ES,ES@compony.com
SP,SP@compony.com
GO,GO@compony.com
GO,GO@compony.com
PR,PR@compony.com
RJ,RJ@compony.com
RJ,RJ@compony.com
SP,SP@compony.com
SP,SP@compony.com
SP,SP@compony.com
SP,SP@compony.com
SP,SP@compony.com
SP,SP@compony.com
RJ,RJ@compony.com
ES,ES@compony.com
MG,MG@compony.com
SP,SP@compony.com
SP,SP@compony.com
SP,SP@compony.com
GO,GO@compony.com
SP,SP@compony.com
SC,SC@compony.com
RS,RS@compony.com
RJ,RJ@compony.com
SP,SP@compony.com
SP,SP@compony.com
RS,RS@compony.com
SP,SP@compony.com
PR,PR@compony.com
SP,SP@compony.com
MG,MG@compony.com
PR,PR@compony.com
MG,MG@compony.com
MG,MG@compony.com
SP,SP@compony.com
SP,SP@compony.com
SP,SP@compony.com
SC,SC@compony.com
SC,SC@compony.com
SP,SP@compony.com
RJ,RJ@compony.com
RJ,RJ@compony.com
SP,SP@compony.com
SP,SP@compony.com
SP,SP@compony.com
SP,SP@compony.com
MG,MG@compony.com
GO,GO@compony.com
SP,SP@compony.com
SP,SP@compony.com
BA,BA@compony.com
SC,SC@compony.com
SP,SP@compony.com
RS,RS@compony.com
SP,SP@compony.com
SP,SP@compony.com
ES,ES@compony.com
SC,SC@compony.com
PR,PR@compony.com
SP,SP@compony.com
SP,SP@compony.com
SP,SP@compony.com
MG,MG@compony.com
SC,SC@compony.com
SP,SP@compony.com
SP,SP@compony.com
RS,RS@compony.com
SP,SP@compony.com
SP,SP@compony.com
SP,SP@compony.com
SC,SC@compony.com
SP,SP@compony.com
SC,SC@compony.com
PR,PR@compony.com
PR,PR@compony.com
MG,MG@compony.com
PR,PR@compony.com
PB,PB@compony.com
SP,SP@compony.com
SP,SP@compony.com
SP,SP@compony.com
SP,SP@compony.com
SP,SP@compony.com
SC,SC@compony.com
PR,PR@compony.com
PR,PR@compony.com
SP,SP@compony.com
SP,SP@compony.com
SP,SP@compony.com
SP,SP@compony.com
SP,SP@compony.com
MG,MG@compony.com
SP,SP@compony.com
SP,SP@compony.com
MG,MG@compony.com
SP,SP@compony.com
SC,SC@compony.com
SP,SP@compony.com
MG,MG@compony.com
SP,SP@compony.com
SP,SP@compony.com
SP,SP@compony.com
RS,RS@compony.com
SP,SP@compony.com
RJ,RJ@compony.com
GO,GO@compony.com
RJ,RJ@compony.com
PR,PR@compony.com
SP,SP@compony.com
PR,PR@compony.com
SP,SP@compony.com
RJ,RJ@compony.com
SP,SP@compony.com
MG,MG@compony.com
SC,SC@compony.com
SP,SP@compony.com
SP,SP@compony.com
SP,SP@compony.com
MG,MG@compony.com
SP,SP@compony.com
SC,SC@compony.com
MG,MG@compony.com
SP,SP@compony.com
SP,SP@compony.com
SP,SP@compony.com
RS,RS@compony.com
MG,MG@compony.com
SP,SP@compony.com
SP,SP@compony.com
SC,SC@compony.com
MG,MG@compony.com
SP,SP@compony.com
PR,PR@compony.com
SP,SP@compony.com
SC,SC@compony.com
SP,SP@compony.com
MG,MG@compony.com
PR,PR@compony.com
AC,AC@compony.com
SP,SP@compony.com
SP,SP@compony.com
BA,BA@compony.com
SP,SP@compony.com
SP,SP@compony.com
MG,MG@compony.com
MG,MG@compony.com
SP,SP@compony.com
PR,PR@compony.com
SP,SP@compony.com
SP,SP@compony.com
SP,SP@compony.com
SP,SP@compony.com
SP,SP@compony.com
SP,SP@compony.com
PR,PR@compony.com
SP,SP@compony.com
RS,RS@compony.com
SP,SP@compony.com
SP,SP@compony.com
SC,SC@compony.com
SP,SP@compony.com
SP,SP@compony.com
SC,SC@compony.com
RJ,RJ@compony.com
MG,MG@compony.com
PR,PR@compony.com
SC,SC@compony.com
PR,PR@compony.com
SP,SP@compony.com
SP,SP@compony.com
GO,GO@compony.com
SP,SP@compony.com
SP,SP@compony.com
SP,SP@compony.com
PR,PR@compony.com
SP,SP@compony.com
RJ,RJ@compony.com
RJ,RJ@compony.com
SC,SC@compony.com
SP,SP@compony.com
SP,SP@compony.com
PR,PR@compony.com
SP,SP@compony.com
RJ,RJ@compony.com
SP,SP@compony.com
SP,SP@compony.com
SP,SP@compony.com
SP,SP@compony.com
SP,SP@compony.com
RJ,RJ@compony.com
SP,SP@compony.com
PR,PR@compony.com
SP,SP@compony.com
SP,SP@compony.com
PR,PR@compony.com
RS,RS@compony.com
SP,SP@compony.com
RS,RS@compony.com
SP,SP@compony.com
RS,RS@compony.com
MG,MG@compony.com
MG,MG@compony.com
SP,SP@compony.com
MG,MG@compony.com
SP,SP@compony.com
BA,BA@compony.com
SP,SP@compony.com
